Model,MAE,RMSE,MAPE (%)
Naive,488.232972972973,579.0189823896688,9.3690965915079
MovingAverage,371.99328185328187,517.7184769970635,7.263402452419476
Prophet,666.1547132720247,841.3450695580376,13.313585263651206
